French,English
le,the
de,of
un,a
à,at
être,be
et,and
en,in
avoir,have
que,that
pour,for
dans,in
ce,this
il,he
qui,who
ne,not
sur,on
se,se
pas,not
plus,more
pouvoir,power
par,by
je,i
avec,with
tout,everything
faire,to do
son,his
mettre,put
autre,other
on,we
mais,but
nous,we
comme,as
ou,where
si,if
leur,their
y,y
dire,say
elle,she
devoir,to have to
avant,before
deux,of them
même,same
prendre,take
aussi,too
celui,the one
donner,give
bien,good
où,where
fois,time
vous,you
encore,again
nouveau,new
aller,go
cela,that
entre,between
premier,first
vouloir,want to
déjà,already
grand,big
mon,my
moins,less
aucun,none
lui,him
temps,time
très,very
savoir,to know
falloir,to need
voir,see
quelque,some
sans,without
raison,raison
notre,our
dont,whose
non,nope
an,year
monde,world
jour,day
monsieur,sir
demander,ask
alors,then
après,after
trouver,to find
personne,nobody
rendre,to return
part,go
dernier,last
venir,come
pendant,during
passer,pass
peu,little
lequel,which
suite,after
bon,well
comprendre,to understand
depuis,from
point,point
ainsi,thus
heure,hour
rester,stay
seul,only
année,year
toujours,still
tenir,hold
porter,carry
parler,talk
fort,strong
montrer,to show
là,the
certain,certain
fin,end
tu,you
continuer,continue
pays,country
trois,three
penser,think
lieu,venue
partie,part
quand,when
suivre,follow
contre,versus
sous,under
côté,side
ensemble,together
chose,thing
enfant,child
cause,cause
politique,politics
place,square
seulement,only
moi,me
vie,life
connaître,to know
jusque,until
croire,to believe
homme,man
cas,case
petit,little
commencer,begin
compter,count
fait,do
tel,phone
droit,right
question,question
donc,so
quel,what
général,general
moment,moment
entendre,to hear
beaucoup,a lot
chaque,each
jeune,young
travail,work
femme,women
attendre,expect
remettre,to put back
appeler,to call
permettre,allow
occuper,to occupy
gouvernement,government
eux,them
devenir,become
partir,leave
plan,plan
décider,decide
soit,that is
ici,here
rien,nothing
cours,classes
affaire,affair
nom,name
famille,family
effet,effect
arriver,to arrive
possible,possible
car,because
servir,to serve
mois,month
jamais,never
sembler,seem
tant,so much
vers,towards
besoin,need
revenir,come back
dès,of the
moyen,medium
groupe,band
problème,problem
rapport,report
peut-être,maybe
vue,seen
maintenant,now
pourquoi,why
meilleur,better
trop,too
laisser,let
ordre,order
devant,before
recevoir,receive
répondre,answer
vivre,live
long,long
service,service
ministre,minister
face,face
chez,at the house of
te,you
rappeler,recall
présenter,to present
accepter,accept
agir,to act
simple,simple
plusieurs,various
votre,your
important,important
présent,here
mieux,better
poser,to pose
jouer,to play
mot,word
reconnaître,recognize
force,strength
situation,situation
offrir,to offer
près,close
choisir,choose
national,national
projet,project
ni,neither
puis,then
toucher,to touch
train,train
aujourd'hui,today
comment,how? 'or' what
surtout,above all
gens,people
propre,own
grâce,grace
idée,idea
selon,according
région,region
aimer,to like
sens,meaning
retrouver,to regain
semaine,week
également,also
ci,this
façon,way
nombre,number
perdre,to lose
français,french
expliquer,explain
quatre,four
compte,account
considérer,consider
lorsque,when
ouvrir,open
gagner,to win
exemple,example
ville,town
économique,economic
mesure,measure
histoire,story
haut,high
ensuite,afterwards
guerre,war
loi,law
président,president
exister,to exist
sûr,sure
refuser,to refuse
plutôt,instead
bureau,desk
mauvais,wrong
quant,as to
mort,dead
mal,wrong
lire,read
réussir,to succeed
marché,market
condition,condition
international,international
changer,to change
oui,yes
public,audience
humain,human
souvent,often
cinq,five
système,system
travailler,work
jeu,game
vrai,true
représenter,represent
madame,madam
société,society
difficile,hard
quoi,what
entreprise,company
coup,cut
or,gold
social,social
assurer,to assure
essayer,try
juste,just
étranger,foreign
empêcher,to prevent
million,million
manière,way
sortir,go out
prix,price
terme,term
longtemps,long time
reprendre,to resume
courant,running
intérêt,interest
mener,carry out
information,information
détail,detail
appartenir,belong
liberté,freedom
assez,enough
risquer,risk
chacun,each
concerner,concern
maison,home
d'abord,first of all
apprendre,learn
niveau,level
rencontrer,to encounter
ton,your
œuvre,work
créer,create
état,state
obtenir,obtain
clair,light
chercher,look for
entrer,walk in
proposer,to propose
apporter,to bring
programme,program
loin,far
ligne,line
tête,head
libre,free
utiliser,utilize
atteindre,reach
tenter,to attempt
tard,late
enfin,finally
différent,different
sorte,sort
cependant,however
sujet,topic
importer,import
action,stock
relation,relationship
recherche,research
livre,book
ajouter,to add
ailleurs,somewhere else
vraiment,really
doute,doubt
reste,rest
début,beginning
présence,presence
nombreux,numerous
produire,produce
préparer,to prepare
forme,form
décision,decision
rôle,role
dix,ten
produit,product
américain,american
minute,minute
relever,raise
autant,as much
peuple,people
second,second
prochain,next
particulier,particular
écrire,to write
position,position
développement,development
défendre,defend
chef,chief
économie,economy
effort,effort
parmi,among
membre,member
tirer,pull
ancien,ancient
beau,beautiful
plein,full
juger,judge
éviter,to avoid
soir,evening
personnel,personal
titre,title
parti,left
objet,object
unique,unique
souhaiter,to wish
afin,in order to
peine,sadness
malgré,despite
période,period
engager,engage
réaliser,achieve
parfois,sometimes
lors,during
sérieux,serious
aider,to help
voix,voice
terminer,to end
base,base
espérer,to hope
main,hand
gros,big
arrêter,stop
retour,return
prêt,ready
occasion,opportunity
député,deputy
regarder,to look at
plupart,mostly
deuxième,second
résultat,results
écouter,to listen
terre,earth
valoir,to be worth
dollar,dollar
intérieur,interior
page,page
confiance,trust
choix,choice
prévoir,provide
chance,chance
notamment,notably
type,kind
but,aim
matin,morning
grave,severe
prise,socket
européen,european
étude,study
principe,principle
remplacer,replace
avancer,to advance
six,six
nécessaire,necessary
activité,activity
valeur,value
marquer,to mark
entier,entire
réponse,answer
aide,assistance
principal,major
élever,raise
pourtant,yet
commission,commission
cesser,to cease
poursuivre,to chase
maintenir,maintain
époque,era
exprimer,express
ami,friend
bas,down
imposer,impose
moitié,half
avenir,coming
argent,silver
mise,putting
œil,eye
eau,water
sauf,except
école,school
sécurité,security
milieu,environment
lettre,letter
presque,almost
attention,warning
cadre,frame
futur,future
mouvement,movement
former,form
conduire,conduct
règle,rule
poste,job
demande,request
centre,center
acte,deed
disparaître,vanish
priver,deprive
constituer,constitute
accord,ok
milliard,billion
lier,bind
obliger,obligate
craindre,to fear
passé,past
âge,age
déclarer,to declare
oublier,to forget
propos,about
troisième,third
quitter,leave
bout,end
population,population
toi,you
responsable,responsible
route,road
tôt,early
lancer,throw
limite,limit
fonction,function
emploi,use
objectif,objective
paraître,appear
journal,log
annoncer,announce
lui-même,itself
tour,round
voilà,so
volonté,will
envoyer,send
partager,to share
puisque,since
établir,establish
changement,change
garder,to keep
réalité,reality
interdire,to forbid
finir,finish
placer,to place
sentir,feel
payer,pay
esprit,spirit
domaine,domain
diriger,to manage
noter,to note
nature,nature
régime,regime
charger,load
court,short
parent,parent
tomber,to fall
départ,departure
mondial,global
entraîner,lead
disposer,arrange
parole,word
fond,bottom
publique,public
faux,fake
genre,gender
retenir,to hold onto
communauté,community
intéresser,to interest
c'est-à-dire,that's to say
corps,body
matière,matter
sein,breast
difficulté,difficulty
parvenir,to arrive at
secteur,sector
appel,call
cœur,heart
père,dad
organisation,organization
unité,unity
noir,black
événement,event
double,double
convaincre,convince
nation,nation
conseil,advice
soutenir,sustain
paix,peace
nuit,night
partout,everywhere
direction,direction
manquer,to lack
actuel,current
opposer,oppose
signifier,mean
journée,daytime
d'ailleurs,by the way
traiter,treat
indiquer,indicate
tuer,kill
technique,technical
rapidement,rapidly
autour,around
réduire,reduce
d'après,according to
préférer,prefer
rue,street
riche,rich
bref,short
nommer,appoint
violence,violence
siècle,century
article,article
durer,last
qualité,quality
gauche,left
solution,solution
voie,way
capable,able
canadien,canadian
erreur,mistake
livrer,deliver
auprès,with
simplement,merely
souvenir,memory
conséquence,result
large,wide
contraire,opposite
succès,hit
élément,element
local,local
été,summer
inviter,invite
extérieur,outside
pied,foot
mission,assignment
débat,debate
fille,daughter
répéter,repeat
texte,text
profiter,to profit from
chambre,bedroom
création,creation
prouver,prove
acheter,to buy
justice,justice
production,production
ignorer,ignore
directeur,director
santé,health
souffrir,suffer
précis,accurate
fixer,to stare
mère,mother
croissance,growth
risque,risk
arme,armed
estimer,to estimate
endroit,place
comité,committee
impossible,impossible
preuve,evidence
véritable,true
amener,to bring
viser,to aim
retirer,remove
total,total
image,image
date,date
travers,through
contrôle,control
énorme,huge
conserver,keep
réel,real
campagne,country
naître,be born
accorder,to agree
tourner,turn
participer,to participate
vieux,old
rapide,fast
respecter,respect
passage,passage
essentiel,essential
adopter,adopt
subir,undergo
environ,about
expérience,experience
admettre,admit
découvrir,discover
couvrir,cover
assister,to assist
sénateur,senator
dépasser,exceed
affirmer,to affirm
soumettre,submit
financier,financial
processus,process
militaire,military
frais,costs
industrie,industry
apparaître,appear
responsabilité,responsibility
réserver,reserve
porte,gate
victime,victim
territoire,territory
pauvre,poor
taux,rate
organiser,arrange
posséder,own
matériel,material
cent,hundred
constater,to certify
prononcer,pronounce
signe,sign
blanc,white
origine,origin
vendre,sale
vite,quick
langue,language
dangereux,dangerous
déplacer,move
importance,importance
suffire,suffice
espoir,hope
davantage,any further
saisir,to input
énergie,energy
réseau,network
mourir,die
faible,weak
employer,to employ
possibilité,possibility
spécial,special
accompagner,to accompany
actuellement,currently
union,union
supposer,assume
fournir,provide
ceci,this
exiger,require
intervenir,to intervene
fils,son
d'accord,okay
discuter,discuss
différence,difference
protéger,protect
abandonner,to abandon
avis,notice
battre,to beat
pire,worse
adresser,address
préciser,to specify
intervention,intervention
attirer,to attract
demeurer,remain
chiffre,figure
consacrer,devote
remplir,to fill
divers,various
appliquer,to apply
frapper,to hit
peur,fear
parlement,parliament
fermer,close
forcer,force
lutte,struggle
naturel,natural
air,air
auteur,author
opération,operation
heureux,happy
crise,crisis
numéro,number
résoudre,solve
publier,publish
instant,moment
toutefois,nevertheless
pousser,to push
quelqu'un,somebody
discours,speech
banque,bank
compagnie,company
reposer,to rest
opinion,opinion
classe,class
particulièrement,particularly
commun,common
satisfaire,satisfied
intention,intention
autorité,authority
anglais,english
échange,exchange
feu,fire
neuf,new
observer,observe
capacité,ability
désigner,designate
dépendre,depend
message,message
construire,to build
scène,stage
durant,during
secret,secret
plaisir,pleasure
dossier,case
proposition,proposal
combien,how many
nul,bad
absence,absence
cher,dear
plaire,to please
derrière,behind
connaissance,knowledge
immédiatement,immediately
entrée,hall
signer,sign
révéler,reveal
couper,to cut
salle,hall
pièce,room
équipe,crew
situer,locate
souligner,underline
source,source
respect,respect
crime,crime
précédent,previous
installer,install
facile,easy
augmenter,increase
réunir,reunite
impression,impression
octobre,october
médecin,doctor
fédéral,federal
police,police
coût,cost
formation,training
contrat,contract
normal,normal
attitude,attitude
faute,mistake
série,series
lever,lift
proche,close
direct,direct
imaginer,to imagine
figurer,appear
pratique,practice
finalement,ultimately
allemand,german
pression,pressure
accès,access
champ,field
film,film
charge,charge
envisager,consider
commune,commune
ressource,resource
monter,ascend
promettre,to promise
motion,motion
concentrer,focus
exactement,exactly
composer,compose
chemin,path
zone,area
province,province
élection,election
usage,use
conflit,conflict
hors,except
enquête,investigation
terrain,ground
mars,march
tellement,so much
espace,space
demain,tomorrow
hier,yesterday
confier,entrust
remarquer,to remark
égard,regard
supérieur,superior
huit,eight
condamner,damn
capital,capital
lien,link
voiture,car
discussion,discussion
limiter,restrict
justifier,justify
agent,agent
sentiment,feeling
tâche,task
directement,directly
euh,uh
raconter,to tell about
décembre,december
développer,develop
honorable,honorable
contact,contact
conclure,conclude
fruit,fruit
ouvert,open
investissement,investment
insister,insist
avantage,advantage
garde,keep
historique,historical
probablement,most likely
voyage,travel
sept,seven
marche,walking
vérité,truth
commercial,commercial
critique,critical
ministère,ministry
baisser,to lower
somme,sum
culture,culture
cacher,to hide
prêter,lend
définir,define
client,customer
exposer,expose
progrès,progress
secrétaire,secretary
mer,sea
rapporter,report
appuyer,to lean on
liste,listing
rentrer,to return
mémoire,memory
caractère,temper
détruire,destroy
civil,civil
nécessité,need
juin,june
danger,danger
complexe,complex
commerce,trade
transport,transportation
attente,waiting
institution,institution
défense,defense
janvier,january
échapper,escape
négociation,negotiation
franc,franc
mai,may
septembre,september
environnement,environment
séparer,to separate
réaction,reaction
disposition,arrangement
positif,positive
scientifique,scientific
papier,paper
expression,expression
protection,protection
indépendant,independent
carte,map
association,association
régler,adjust
modèle,model
commander,order
étudier,to study
déterminer,determine
budget,budget
fonder,found
structure,structure
complet,complete
exercer,exercise
amour,love
manifester,manifest
menacer,threaten
conseiller,advise
réunion,meeting
opposition,opposition
maladie,sickness
outre,outraged
tandis,while
construction,construction
bande,bandaged
signal,signal
voisin,neighbour
réforme,reform
rejeter,dismiss
novembre,november
fonds,funds
coûter,cost
reprise,reprise
presse,hurry
rouge,red
majorité,majority
autoriser,to allow
effectuer,perform
bord,edge
central,central
procédure,procedure
faveur,favor
éducation,education
officiel,official
document,document
aspect,aspect
retourner,flip
professionnel,professional
auparavant,previously
animal,animal
utile,useful
inscrire,to register
concurrence,competition
déclaration,statement
rejoindre,rejoin
mille,thousand
absolument,absolutely
prison,jail
armée,army
revenu,revenue
complètement,completely
confirmer,to confirm
salaire,salary
lecture,reading
contribuer,to contribute
attaquer,tackle
table,table
remonter,go back up
certes,certainly
avril,april
autrement,other
ferme,closed
désormais,from now on
lourd,heavy
susciter,to stimulate
république,republic
dur,hard
application,application
lutter,wrestle
profit,profit
contenir,contain
déposer,to file
modifier,edit
communication,communication
jugement,judgement
manque,lack
échec,failure
traverser,to cross
transformer,transform
engagement,commitment
frère,brother
mardi,tuesday
rencontre,meet
vote,vote
renvoyer,dismiss
regretter,to regret
espèce,species
recommandation,recommendation
consister,consist
réagir,react
surprendre,surprise
circonstance,circumstance
témoin,witness
améliorer,to improve
administration,administration
réfléchir,reflect
lumière,light
vert,green
apprécier,enjoy
combat,fight
sensible,sensitive
étudiant,student
vitesse,speed
malade,sick
portée,scope
élève,student
contrôler,control
merci,thank you
certainement,definitely
visite,visit
assemblée,assembly
émission,emission
arrivée,arrival
puissance,powerful
partenaire,partner
contenter,satisfy
perte,loss
libéral,liberal
citoyen,citizen
citer,to quote
influence,influence
camp,camp
établissement,establishment
vendredi,friday
avance,advance
destiner,destiny
causer,cause
nord,north
lundi,monday
maître,master
interroger,question
conférence,conference
provoquer,to provoke
vente,sale
ramener,to bring back
soldat,soldier
collègue,coworker
concevoir,design
procéder,proceed
poids,weight
voici,here is
acquérir,to acquire
moindre,lesser
convenir,suit
logique,logic
examiner,examine
soin,care
mesurer,measure
traitement,treatment
jeudi,thursday
impliquer,imply
science,science
individu,individual
donnée,given
demi,half
combattre,combat
violent,violent
comporter,include
suivant,next
mériter,deserve
emprunter,to borrow
conscience,awareness
traduire,translate
sang,blood
millier,thousand
emporter,carry
initiative,initiative
nucléaire,nuclear
industriel,industrial
vif,vivid
exact,exact
exception,exception
doubler,double
février,february
mode,fashion
tendre,tender
musique,music
gestion,management
honneur,honor
vaste,vast
évoquer,recall
fonctionner,function
étape,stage
physique,physical
accuser,to accuse
parfaitement,perfectly
méthode,method
professeur,teacher
envers,towards
distribuer,distribute
existence,existence
prétendre,to claim
global,overall
dommage,shame
crédit,credit
tendance,tendency
chaîne,chain
relatif,relative
note,note
réserve,reserve
maximum,maximum
moteur,engine
version,version
règlement,settlement
couple,couple
mercredi,wednesday
régional,regional
sinon,otherwise
entreprendre,undertake
au-delà,beyond
étendre,extend
sortie,exit
profond,deep
décrire,describe
etc,etc
récent,recent
télévision,television
retraite,retirement
art,art
frontière,border
égal,equal
promesse,promise
entretenir,maintain
habiter,to live in
quartier,piece
avocat,lawyer
accueillir,welcome
libérer,release
vivant,living
université,university
rire,laugh
facilement,easily
crainte,fear
commettre,commit
précisément,precisely
soutien,support
urgence,emergency
clé,key
enlever,to remove
jeter,to throw
religieux,religious
analyse,to analyse
disponible,available
regard,glance
prévenir,prevent
bientôt,soon
analyser,analyze
mariage,wedding
couleur,color
témoigner,bear witness
sauver,save
parlementaire,parliamentary
conclusion,conclusion
bleu,blue
dehors,out
remercier,thank
actif,asset
réclamer,claim
habitude,habit
récemment,recently
fil,thread
collectif,collective
excellent,excellent
moral,moral
accident,accident
code,coded
puissant,powerful
recueillir,collect
fabriquer,make
représentant,representing
rare,rare
extraordinaire,extraordinary
dimanche,sunday
vérifier,check
envie,urge
enregistrer,to register
moderne,modern
parc,park
impôt,tax
sud,south
efficace,efficient
intéressant,interesting
île,island
cité,cited
carrière,career
voter,vote
traité,treaty
libération,release
nourrir,to feed
sérieusement,seriously
bras,arms
immédiat,immediate
exceptionnel,exceptional
rechercher,to research
palestinien,palestinian
lendemain,the following day
producteur,producer
garantir,to guarantee
geste,gesture
roman,novel
augmentation,increase
facteur,factor
policier,policeman
échelle,ladder
supplémentaire,additional
pratiquer,practice
pensée,thought
extrême,extreme
néanmoins,however
bénéficier,benefit
vingt,twenty
revoir,see again
perspective,perspective
défaut,default
précieux,precious
retard,delay
démocratie,democracy
renforcer,to reinforce
silence,silence
troupe,troop
qualifier,to qualify
absolu,absolute
dégager,clear
stratégie,strategy
bateau,boat
printemps,spring
course,race
exercice,exercise
fondamental,fundamental
visage,face
droite,right
machine,machine
village,town
britannique,british
surveiller,to watch
édition,editing
organisme,organization
leçon,lesson
accomplir,accomplish
décevoir,disappoint
bataille,battle
port,port
naissance,birth
majeur,major
froid,cold
hôpital,hospital
circuit,circuit
terrible,terrible
degré,degree
exigence,requirement
rêve,dream
inspirer,inspire
opérer,operate
entièrement,entirely
chapitre,chapter
quotidien,daily
clairement,clearly
joindre,join
léger,light
permanent,permanent
juge,judge
après-midi,afternoon
russe,russian
juillet,july
ordinaire,ordinary
candidat,candidate
rapprocher,bring together
résistance,resistance
fier,proud
justement,exactly
habitant,resident
formule,formula
mur,wall
tribunal,court
journaliste,journalist
manger,to eat
soulever,raise
évidemment,obviously
travailleur,worker
résolution,resolution
dirigeant,leader
marque,mark
utilisation,use
offre,offer
habituel,usual
survivre,to survive
populaire,popular
constitution,constitution
participation,participation
évolution,evolution
totalement,totally
gérer,to manage
samedi,saturday
informer,inform
fou,mad
attacher,to attach
renouveler,renew
asseoir,sit
oh,oh
transfert,transfer
renoncer,to renouncer
roi,king
soi,self
téléphone,telephone
net,net
foi,faith
motif,pattern
plaindre,complain
tradition,tradition
institut,institute
victoire,victoire
arrêt,stop
concours,competition
vis-à-vis,vis à vis
aboutir,lead
visiter,to visit
elle-même,herself
démocratique,democratic
tentative,attempt
largement,widely
échouer,fail
désirer,to desire
côte,coast
génération,generation
vent,wind
technologie,technology
inquiéter,worry
dépit,spite
équilibre,balance
inquiet,worried
obstacle,obstacle
réflexion,reflection
uniquement,uniquely
affecter,affect
revanche,revenge
ressembler,look like
station,station
supporter,support
privé,private
catégorie,category
mine,mine
législatif,legislative
ah,ah
propriétaire,owner
favoriser,foster
priorité,priority
avion,plane
minimum,minimum
criminel,criminal
photo,photo
précéder,precede
solide,solid
correspondre,match
navire,vessel
centaine,hundred
explication,explanation
transmettre,to transmit
appareil,device
publication,publication
associer,associate
trait,trait
référence,reference
bois,wood
identifier,identify
symbole,symbol
consommation,consumption
idéal,ideal
chômage,unemployment
courage,courage
reconnaissance,acknowledgement
entretien,maintenance
encourager,encourage
kilomètre,kilometer
dérouler,unroll
identité,identify
amendement,amendment
signaler,report
division,division
contexte,context
coupable,guilty
favorable,favorable
obligation,obligation
août,august
attribuer,attribute
courir,to run
examen,exam
personnage,character
dénoncer,denounce
inconnu,unknown
échanger,swap
montant,amount
éliminer,eliminate
ouverture,opening
tableau,picture
exclure,exclude
meurtre,murder
exemplaire,copy
propriété,property
final,final
site,site
séance,session
durée,duration
élire,elect
baisse,decrease
inquiétude,worry
israélien,israeli
représentation,representation
pareil,the same
mandat,mandate
quinze,fifteen
vide,empty
statut,status
essai,test
sourire,smile
italien,italian
suggérer,to suggest
interrompre,interrupt
au-dessus,above
agence,agency
usine,factory
unir,unite
rang,rank
employé,employee
sommet,mountain peak
franchir,cross
évident,obvious
comportement,behaviour
fête,party
sol,floor
écarter,displease
vague,vague
réduction,reduction
culturel,cultural
coopération,cooperation
vertu,virtue
d'autant,especially
leader,leader
taille,cut
contenu,contents
distance,distance
automne,fall
arrière,back
vision,vision
investir,invest
diminuer,lessen
réfugier,refuge
entourer,surround
juif,jewish
considérable,considerable
conduite,conduct
convention,convention
communiquer,communicate
prolonger,to prolong
verser,to pay
évidence,evidence
essentiellement,basically
démontrer,demonstrate
négatif,negative
approche,approach
délai,time limit
accroître,increase
bruit,noise
humanité,humanity
radio,radio
moi-même,myself
syndicat,union
prudent,careful
soirée,evening
vol,flight
marcher,walk
tiers,third
mètre,metre
aborder,to land
occidental,western
suffisant,sufficient
ciel,sky
tromper,deceive
modeste,modest
éloigner,remove
seconde,second
malheureusement,sadly
évaluer,assess
extrêmement,extremely
interne,internal
voire,even or even
témoignage,testimony
messieurs,gentlemen
effectivement,effectively
gaz,gas
acteur,actor
adapter,adapt
cour,court
dépense,spent
souci,worry
expert,expert
sœur,sister
relativement,relatively
comparer,compare
procès,court case
provenir,arise from
réellement,actually
conscient,aware
céder,to sell
médical,medical
diviser,divide
colère,anger
patient,patient
notion,notion
siège,headquarters
hausse,rise
mécanisme,mechanism
traditionnel,traditional
quart,quarter
approcher,approach
trafic,traffic
catholique,catholic
foyer,foyer
adulte,adult
reprocher,to reproach
métier,job
modification,modification
peser,weigh
médias,media
hiver,winter
définition,definition
spécialiste,specialist
mari,husband
supprimer,to delete
guère,hardly
douter,doubt
ressentir,to feel
sexuel,sexual
consulter,to consult
renseignement,intelligence
âgé,elderly
fonctionnement,functioning
garçon,boy
parfait,perfect
résumer,to sum up
prévision,forecast
quatrième,fourth
fenêtre,window
incapable,unable
hésiter,hesitate
menace,threatens
universel,universal
jeunesse,youth
voler,steal
résister,resist
profondément,deeply
séparation,separation
inutile,useless
refus,refusal
poisson,fish
révolution,revolution
prisonnier,prisoner
avouer,confess
saluer,greet
fer,iron
familial,family
cinéma,movie theater
calcul,calculation
armé,armed
enseignement,education
étonnant,amazing
dizaine,tens
dessus,above
achever,finish
fonctionnaire,official
instruction,instruction
pratiquement,practically
oser,to dare
rassembler,bring together
réalisation,achievement
fiscal,tax
démarche,steps
corriger,to correct
volume,volume
réussite,success
désir,desire
pur,pure
exportation,export
prier,pray
trente,thirty
âme,soul
dominer,dominate
autorisation,permission
instrument,instrument
indépendance,independence
tort,wrong
hauteur,height
critiquer,criticize
attaque,offensive
assurance,insurance
déficit,deficit
évoluer,evolve
drogue,dope
concret,concrete
percevoir,perceive
rythme,rhythm
approuver,approve
douze,twelve
juridique,legal
espagnol,spanish
saison,season
épreuve,test
hypothèse,hypothesis
relier,relate
financement,funding
dos,back
consommateur,consumer
soviétique,soviet
volontaire,voluntary
négocier,to negotiate
finance,finance
rêver,dream
indien,indian
quantité,amount
définitif,final
persuader,to persuade
interpréter,interpret
annuel,annual
commentaire,comment
marier,marry
spectacle,spectacle
pari,bet
célèbre,famous
ouest,west
sexe,sex
eh,eh
recours,appeal
accent,accent
introduire,introduce
communiste,communist
concert,concert
couverture,cover
religion,religion
appui,support
théâtre,theater
saint,holy
conséquent,substantial
équipement,equipment
descendre,to come down
patron,boss
marge,margin
abri,shelter
recette,recipe
généralement,usually
vigueur,vigor
baser,base
soleil,sun
électoral,electoral
ennemi,enemy
bourse,stock exchange
dimension,dimension
déployer,deploy
dialogue,dialogue
thème,theme
circuler,circulate
porte-parole,spokesperson
présentation,presentation
forêt,forest
outil,tool
vacance,holiday
suffisamment,enough
défi,challenge
front,forehead
suspendre,to suspend
calme,calm
montagne,mountain
sévère,strict
apparemment,apparently
présidence,presidency
magasin,store
commissaire,commissioner
écrivain,writer
monétaire,monetary
ouvrage,work
réputation,reputation
cabinet,cabinet
écart,difference
chien,dog
surveillance,surveillance
indispensable,essential
conversation,conversation
surface,surface
féliciter,congratulate
sûrement,surely
bombe,bomb
efficacité,efficiency
euro,euro
phase,phase
confusion,confusion
précision,precision
compétence,skill
bilan,balance sheet
immense,immense
massif,massive
chute,fall
constant,constant
sain,healthy
intégrer,to integrate
aérien,air
contrairement,in contrary
pierre,pierre
socialiste,socialist
fortement,strongly
régulier,regular
boîte,box
financer,finance
théorie,theory
hôtel,hotel
nier,deny
phénomène,phenomenon
là-bas,the low
étonner,astonish
totalité,all
sort,spell
accéder,to access
église,church
récupérer,retrieve
doter,endow
contribution,contribution
profondeur,depth
émettre,issue
test,test
vice-président,vice-president
pêche,sin
découverte,discovery
potentiel,potential
agricole,agricultural
intellectuel,intellectual
essence,essence
pencher,lean
artiste,artist
coin,corner
tension,tension
don,don
uniforme,uniform
fidèle,faithful
grève,strike
achat,purchase
mentionner,mention
exécution,execution
distinguer,distinguish
exploiter,to exploit
administratif,administrative
effectif,effective
communautaire,community
individuel,individual
faciliter,facilitate
original,original
surprise,surprise
veiller,watch
dette,debt
capitale,capital city
maintien,maintenance
chanter,to sing
pension,pension
revue,review
clore,close
neige,snow
figure,figure
masse,mass
susceptible,susceptible
étroit,narrow
goût,taste
prestation,benefit
régner,to reign
catastrophe,disaster
ressortir,come out
exploitation,exploitation
manifestation,demonstration
dormir,sleep
lit,bed
bouche,stuffy
excuse,excuse
veille,standby
content,happy
rassurer,to reassure
triste,sad
latin,latin
classique,classic
alliance,alliance
préoccupation,concern
trace,trace
logement,lodging
langage,speech
plainte,complaint
chaud,hot
taire,to hush up
émotion,emotion
judiciaire,judicial
progresser,progress
secours,rescue
confronter,to confront
strict,strict
club,club
ouvrier,worker
souffrance,suffering
observation,observation
rétablir,to re-establish
immeuble,building
passion,passion
rupture,breakup
office,office
compliquer,complicate
assumer,to assume
partiel,partiel
éprouver,experience
rendez-vous,appointment
argument,argument
planète,planet
maire,mayor
délicat,delicate
attentat,bombing
boire,to drink
richesse,wealth
caisse,box
hasard,chance
héros,hero
oreille,ear
incident,incident
café,coffee
annonce,announcement
régulièrement,regularly
pont,bridge
foutre,cum
apercevoir,to notice
refléter,reflect
bouger,to move
foule,crowd
chrétien,christian
isoler,isolate
norme,standard
égalité,equality
tenue,outfit
animer,animate
statistique,statistical
piste,track
préserver,preserve
hommage,tribute
inférieur,inferior
match,match
pointe,point
gouvernemental,governmental
exécuter,execute
tragédie,tragedy
distribution,distribution
scandale,scandal
irakien,iraqi
chinois,chinese
bénéfice,profit
billet,ticket
choc,shock
proportion,proportion
canal,channel
briser,to break
destruction,destruction
reculer,to move back
critère,criteria
gardien,guardian
adresse,address
réception,reception
conservateur,conservative
ouais,yeah
transporter,carry
brûler,burn
manœuvre,maneuver
monnaie,change
transmission,transmission
quelconque,any
courrier,mail
grandir,growing up
élaborer,elaborate
doigt,finger
illustrer,illustrate
poche,poached
affronter,confront
éclater,to burst
honte,shame
faiblesse,weakness
fédération,federation
presser,squeeze
mêler,mix
bonheur,happiness
formuler,formulate
crier,yell
pauvreté,poverty
bâtiment,building
époux,husband
médicament,medication
firme,firm
élargir,to broaden
électeur,elector
plonger,dip
véhicule,vehicle
fuir,to run away
chercheur,searcher
varier,vary
personnalité,personality
inventer,invent
principalement,principally
prudence,caution
stade,stadium
liaison,connection
consultation,consultation
québécois,quebecer
ordonner,to order
bonjour,hello
morale,moral
contester,challenge
nécessairement,necessarily
détermination,determination
congrès,congress
semblable,similar
préoccuper,concern
dépôt,deposit
considération,consideration
multiplier,multiply
dame,lady
joie,joy
durable,sustainable
faim,hunger
excuser,excuse
recommander,recommend
concept,concept
cerveau,brain
truc,thing
allié,ally
scolaire,school
arabe,arab
diffuser,broadcast
budgétaire,budgetary
inquiétant,disturbing
inclure,include
style,style
combler,to fill in
ombre,shadow
annuler,to cancel
joueur,player
bloquer,to block
interprétation,interpretation
climat,climate
séjour,stay
guider,guide
spécialiser,specialize
ben,ben
sport,sport
amélioration,improvement
douleur,pain
issue,outcome
généreux,generous
absent,absent
talent,talent
normalement,normally
remarque,remark
détourner,divert
raisonnable,within reason
suprême,supreme
éventuel,possible
blesser,hurt
orientation,orientation
grec,greek
secondaire,secondary
reporter,report
partisan,supporter
cinquième,fifth
distinction,distinction
impact,impact
magazine,magazine
compléter,complete
mérite,deserved
naturellement,naturally
collaboration,collaboration
procurer,procure
officier,officer
remarquable,outstanding
efforcer,strive
tragique,tragic
anniversaire,anniversary
issu,output
poursuite,pursuit
nôtre,our
éclairer,light up
consommer,consume
infirmier,male nurse
caractéristique,characteristic
dépenser,spend
censé,supposed
fuite,leak
conviction,conviction
nettement,clearly
détenir,to possess
évaluation,evaluation
installation,facility
innocent,innocent
fameux,famous
cultiver,cultivate
doux,soft
gouverner,govern
jouir,enjoy
parcourir,browse
bloc,block
électrique,electric
seuil,threshold
croissant,increasing
classer,to classify
audience,audience
multiple,multiple
minorité,minority
phrase,phrasing
provisoire,provisional
hein,eh
disparition,disappearance
dynamique,dynamic
renverser,to spill
trouble,trouble
désoler,desolate
accélérer,accelerate
littérature,literature
résider,to reside
adolescent,teenager
dessiner,to draw
rompre,to break up
agriculture,agriculture
gouverneur,governor
aventure,adventure
armer,arm
volet,shutter
bâtir,to build
prime,prime
résulter,result
occupation,occupation
japonais,japanese
emmener,to take
alimentaire,eating
lecteur,reader
marin,marine
intermédiaire,intermediate
vœu,wish
dresser,to draw up
conception,design
afficher,to display
fragile,brittle
satisfaction,satisfaction
survenir,occur
publicité,advertising
arbre,tree
univers,universe
aéroport,airport
sauter,skip
chasse,hunt
collège,middle school
garantie,guarantee
morceau,piece
salarié,employee
discipline,discipline
explosion,blast
peau,skin
commande,ordered
orienter,orient
reproduire,reproduce
paragraphe,paragraph
radical,radical
transférer,to transfer
diffusion,diffusion
spécialement,especially
croître,grow
tolérer,tolerate
copie,copy
enseigner,teach
rédiger,write
magnifique,gorgeous
initial,initial
indice,index
promotion,promotion
branche,plugged
section,section
chanson,song
pair,peer
contraindre,constrain
trancher,to slice
réformiste,reformist
retarder,to delay
réjouir,rejoice
punir,to punish
repartir,divide
cellule,cell
déclencher,trigger
uni,united
connexion,connection
écouler,flow out
option,option
pétrole,oil
laboratoire,laboratory
étrange,odd
coucher,to sleep
département,department
génie,genius
profession,occupation
rumeur,rumor
mien,mine
drôle,funny
plat,dish
maman,mom
incertitude,uncertainty
célébrer,to celebrate
dignité,dignity
légitime,legit
philosophie,philosophy
verre,glass
spécifique,specific
docteur,doctor
hausser,rack
fréquence,frequency
urgent,urgent
trou,hole
stratégique,strategic
mental,mental
éditeur,editor
provincial,provincial
casser,to break
probable,likely
signature,signature
forcément,necessarily
conformément,in accordance
croiser,cross
plastique,plastic
autonome,autonomous
héritage,legacy
voyager,travel
électronique,electronic
parallèle,parallel
répartir,divide
courageux,courageous
réveiller,wake
satellite,satellite
ordinateur,computer
fondé,based
blessé,hurt
municipal,municipal
salut,hello
songer,think
enfance,childhood
là-dessus,on this
merveilleux,marvellous
sien,his
commenter,comment
inciter,encourage
prière,pray
nécessiter,require
urbain,urban
musée,museum
pluie,rain
précaution,precautionary
anticiper,to anticipate
cheval,horse
communiqué,communicated
suicide,suicide
rivière,river
avertir,to warn
rédaction,writing
enceinte,pregnant
substance,substance
soigner,cure
récit,narrative
revendication,claim
incroyable,unbelievable
sondage,survey
mineur,minor
composition,composition
débarrasser,rid
accusation,charge
invitation,invitation
présidentiel,presidential
concurrent,competitor
prévu,intended
suisse,swiss
franchement,frankly
paiement,payment
comparaison,comparison
musulman,muslim
déplacement,shift
légal,legal
dispositif,device
constitutionnel,constitutional
contrainte,constraint
tarder,delay
refaire,remake
pleurer,cry
débattre,discuss
immigration,immigration
cancer,cancer
lâcher,let go
cercle,circle
génétique,genetic
importation,import
tonne,tonne
dieu,god
référendum,referendum
perdu,lost
obligé,obligatory
visiteur,visitor
remporter,win
rond,round
étage,stage
intense,intense
bébé,baby
amitié,friendship
cinquante,fifty
zéro,zero
drame,drama
visible,visible
haine,hate
instance,instance
cérémonie,ceremony
ambition,ambition
recourir,resort
sanction,sanction
géant,giant
jardin,garden
nourriture,food
engendrer,generate
infrastructure,infrastructure
adversaire,opponent
africain,african
royal,royal
mobile,mobile
significatif,significant
circulation,traffic
cotisation,contribution
entente,agreement
cheveu,hair
ralentir,to slow down
cadeau,present
affirmation,affirmation
requérir,require
destination,destination
stabilité,stability
louer,to rent out
gars,guys
fleur,flower
agriculteur,farmer
poète,poet
fabrication,manufacturing
vin,wine
soudain,suddenly
balle,ball
inflation,inflation
sec,dry
arrêté,stopped
enfermer,enclose
abattre,tear down
paysan,peasant
transition,transition
humanitaire,humanitarian
répandre,spread
adoption,adoption
adorer,love
appartement,apartment
session,session
entamer,to initiate
ménage,housework
purement,purely
enjeu,stakes
passager,passenger
transformation,transformation
calculer,calculate
misère,misery
légèrement,slightly
écraser,to crush
enrichir,enrich
restaurant,restaurant
destin,fate
discrimination,discrimination
certitude,certainty
huile,oil
sacré,sacred
autonomie,autonomy
sac,bag
stock,stock
invoquer,invoke
compromettre,to compromise
arracher,to tear out
sombre,dark
barre,closed off
contradiction,contradiction
maîtriser,to master
violer,violate
souveraineté,sovereignty
épargner,save
concentration,concentration
téléphonique,telephone
remise,delivery
mec,dude
solidarité,solidarity
restreindre,restrict
décennie,decade
aussitôt,right away
officiellement,officially
chasser,hunt
dîner,having dinner
personnellement,personally
fréquenter,frequent
projeter,project
littéraire,literary
présider,preside
fortune,fortune
malheureux,unfortunate
numérique,digital
combattant,fighter
soupçonner,suspect
merde,shit
entrepreneur,entrepreneur
exposition,exposure
marchand,merchant
cri,shout
féminin,feminine
désert,desert
vêtement,clothes
autrefois,in the old days
surmonter,overcome
marchandise,merchandise
autochtone,native
continent,continent
définitivement,definitively
heureusement,fortunately
digne,worthy
guide,guide
tabac,tobacco
rendement,yield
ampleur,extent
pleinement,fully
désastre,disaster
joli,attractive
promouvoir,promote
écho,echo
fusion,fusion
innovation,innovation
sélection,selection
confondre,to confuse
honnête,honest
tournant,turning point
automobile,automotive
collectivité,community
record,record
excessif,excessive
ridicule,ridiculous
modalité,modality
paquet,pack
fondation,foundation
terroriste,terrorist
retrait,withdrawal
organe,organ
protocole,protocol
apparition,appearance
gain,gain
écran,screen
sonner,ring
protester,protest
curieux,curious
effacer,wipe off
débuter,start
creuser,to dig
allusion,allusion
lancement,launch
porteur,carrier
préalable,prior
programmer,program
traîner,hang out
domicile,residence
oiseau,bird
quarante,forty
sacrifice,sacrifice
barrière,fence
biais,bias
feuille,sheet
délégation,delegation
épuiser,exhaust
champion,champion
librement,freely
congé,leave
taxe,tax
onze,eleven
téléphoner,call
serrer,to squeeze
caractériser,characterize
préparation,preparation
inverse,reverse
intituler,title
possession,possession
rejet,rejection
enseignant,teacher
avérer,prove
papa,father
collaborateur,collaborater
gêner,embarrass
technicien,technician
cycle,cycle
accumuler,accumulate
sauvage,savage
alcool,alcohol
prétexte,pretext
impressionnant,impressive
scénario,script
électricité,electricity
gratuit,free
révolutionnaire,revolutionary
jambe,leg
insuffisant,insufficient
privilège,privilege
week-end,weekend
équivalent,equivalent
regrouper,gather
invité,guest
militant,activist
participant,participant
blessure,wound
privilégier,favor
midi,midday
disque,disk
couche,layer
dater,date
habituer,get used to
inévitable,inevitable
recommencer,restart
race,breed
vivement,strongly
beauté,beauty
atmosphère,atmosphere
épaule,shoulder
amoureux,lover
circonscription,constituency
debout,upright
influencer,influence
recul,decline
mortel,deadly
flux,flow
horizon,horizon
délivrer,issue
subvention,grant
formel,formal
aggraver,aggravate
lait,milk
alimenter,feed
intelligent,clever
équilibrer,to balance
bibliothèque,library
absurde,absurd
océan,ocean
quelques-uns,some
dicter,to dictate
tenant,holding
stable,steady
capitaine,captain
solliciter,solicit
convoquer,convene
prévention,prevention
terrestre,earthly
utilisateur,user
obligatoire,obligatory
terminal,terminal
choquer,chock
primaire,primary
vital,vital
destinée,destiny
patrimoine,inheritance
conforme,consistent
adjoint,assistant
ultime,ultimate
intégration,integration
rarement,rarely
couler,to flow
diversité,diversity
amuser,amuse
complémentaire,additoinal
satisfaisant,satisfying
accueil,welcome
camion,truck
douloureux,sore
glisser,slide
prêtre,priest
indication,indication
exagérer,overdo it
décès,death
parisien,parisian
psychologique,psychological
réviser,revise
profil,profile
rater,to fail
respectif,respective
tranquille,calm
registre,register
contemporain,contemporary
exclusif,exclusive
performance,performance
angle,angle
divorce,divorce
fermeture,closing
affaiblir,weaken
constamment,constantly
horreur,horror
envahir,to invade
pétrolier,tanker
faculté,ability
brillant,bright
pacte,pact
suspect,suspicious
lent,slow
assistance,assistance
négliger,neglect
injuste,unfair
plaider,argue
récompenser,reward
suppression,deletion
coupure,cut
glace,ice
gare,station
drapeau,flag
réparer,to fix
sensibilité,sensitivity
jaune,yellow
existant,existing
procureur,prosecutor
informatique,computer science
restriction,restriction
pacifique,peaceful
bête,stupid
indicateur,indicator
racine,root
compenser,compensate for
maritime,maritime
gravité,severity
pénétrer,enter
civilisation,civilization
rouler,to roll
technologique,technological
heurter,to hit
football,soccer
décevant,disappointing
législation,legislation
approprier,appropriate
tactique,tactical
thèse,thesis
acceptable,acceptable
surgir,arise
prince,prince
vidéo,video
semer,sow
créateur,creator
partenariat,partnership
file,line
chômeur,unemployed person
correct,correct
cuisine,kitchen
succéder,succeed
royaume,kingdom
rebelle,rebel
provenance,origin
fumer,to smoke
dessin,drawing
viande,meat
paramètre,setting
gré,grateful
dessous,under
voyageur,traveler
réaliste,realistic
condamnation,conviction
similaire,similar
employeur,employer
paysage,countryside
discret,discreet
longueur,length
lentement,slowly
miracle,miracle
déboucher,unclog
illégal,illegal
expansion,expansion
mutuel,mutual
sage,wise
commandement,commandment
correspondant,corresponding
grimper,to climb
pause,pause
répartition,division
sacrifier,sacrifice
chimique,chemical
compétition,competition
combiner,combine
touriste,tourist
ravir,delight
pardon,sorry
filet,net
atomique,atomic
contribuable,taxpayer
progressivement,gradually
progression,progress
nez,nose
antérieur,prior
inacceptable,unacceptable
progressif,progressive
adhésion,membership
portrait,portrait
détailler,to give detail
valable,valid
coordination,coordination
sportif,jock
rose,pink
quête,quest
compromis,compromise
investisseur,investor
présumer,assume
abandon,abandonment
identique,identical
exploser,explode
mensonge,lying
défaite,defeat
meurtrier,murderer
rigoureux,rigorous
mentir,lie
fréquent,frequent
œuf,egg
ambassadeur,ambassador
observateur,observer
revêtir,put on
accessoire,accessory
acquisition,acquisition
tournée,tour
tranche,slice
plage,beach
inspecteur,inspector
tempête,storm
tissu,tissue
souverain,sovereign
distinct,distinct
survie,survival
repousser,repel
adaptation,adaptation
plante,plant
nuire,harm
putain,whore
imagination,imagination
accusé,accused
repérer,spot
directive,directive
rural,rural
persister,persist
coalition,coalition
diplomatique,diplomatic
excellence,excellency
apparence,appearance
oriental,oriental
écriture,writing
parcours,journey
républicain,republican
embarquer,embark
révolte,revolt
intéressé,interested
formidable,tremendous
tas,pile
déjeuner,lunch
disputer,argue
élite,elite
malheur,misfortune
aube,dawn
salon,living room
infliger,inflict
repos,rest
déranger,to bother
inhabituel,unusual
interdiction,prohibition
consentir,consent
variable,variable
médecine,medicine
contradictoire,contradictory
exclusivement,exclusively
cible,target
détenu,detained
volontiers,gladly
fauteuil,armchair
couloir,corridor
enthousiasme,enthusiasm
télé,tv
éthique,ethics
révision,revision
pointer,point
assassiner,murder
optimiste,optimistic
instaurer,set up
isolé,isolated
revendiquer,claim
secouer,shake
bizarre,weird
abus,abuse
procédé,process
pêcheur,fisherman
amateur,amateur
regret,regret
accroissement,increase
trimestre,trimester
onde,wave
spatial,spatial
brut,raw
éventuellement,"most often is ""possibly"""
vache,cow
gris,grey
aise,easy
agression,assault
loisir,leisure
chaleur,heat
ranger,tidy
partage,share
étoile,star
mystère,mystery
quasi,almost
description,description
serbe,serbian
biologique,organic
universitaire,university
emparer,take over
dent,tooth
neutre,neutral
aîné,elder
trahir,to betray
intelligence,intelligence
admirer,admire
licence,licence
rigueur,rigor
maternel,maternal
métal,metal
palais,palace
belge,belgian
brutal,brutal
extraire,extract
signification,meaning
filer,spin
automatique,automatique
accrocher,to hang up
pain,bread
plateau,plateau
répétition,repetition
diminution,decrease
collection,collection
gène,embarrassed
permanence,permanence
reine,queen
privatisation,privatization
correspondance,correspondence
planter,plant
strictement,strictly
violation,breach
compensation,compensation
lycée,high school
con,stupid
combinaison,combination
injustice,injustice
reportage,reportage
déception,disappointment
soucier,worry
plafond,ceiling
opérateur,operator
camarade,comrade
traduction,translation
compréhension,understanding
réglementation,regulations
déplorer,deplore
mobiliser,mobilize
encadrer,supervise
gentil,kindly
folie,madness
terrorisme,terrorism
illusion,illusion
portefeuille,wallet
séduire,seduce
précipiter,precipitate
clôture,fencing
piloter,pilot
agréable,pleasant
télécommunication,telecommunication
désaccord,disagreement
uranium,uranium
aliment,food
alimentation,feed
pomme,apple
ingénieur,engineer
vider,empty
attentif,attentive
démarrer,to start up
coordonner,to coordinate
larme,tear
sourd,deaf
cigarette,cigarette
vallée,valley
artificiel,artificial
différer,to differ
honorer,to honour
entrevue,interview
ressort,spring
fixe,fixed
opportunité,opportunity
robe,dress
plaque,plaque
découler,result
décisif,decisive
piège,trap
prédire,to predict
enterrer,bury
refuge,refuge
recouvrir,cover
pente,slope
album,album
mixte,mixed
clinique,clinical
spectateur,spectator
axe,axis
chasseur,hunter
chéri,dear
peinture,paint
déchet,waste
siéger,sit
grand-chose,great
temporaire,temporary
affiche,attach
massacre,massacre
actualité,news
redevenir,become again
crucial,crucial
marine,marine
cadavre,corpse
fleuve,river
toit,roof
mécanique,mechanical
transparence,transparency
amorcer,start
détester,to hate
fondateur,founder
charte,charter
productivité,productivity
succession,succession
simplifier,simplify
briller,shine
ambitieux,ambitious
sale,dirty
consentement,consent
chapeau,hat
calmer,calm
mythe,myth
alternative,alternative
soulager,to relieve
scrutin,ballot
culpabilité,guilt
considérablement,considerably
bouleverser,upset
introduction,introduction
dramatique,dramatic
vaincre,overcome
pétition,petition
renseigner,to inform
ordonnance,arrangement
aile,wing
température,temperature
coupe,chopped off
rayon,ray
lèvre,lip
promener,to walk
boulot,gig
correctement,properly
colonne,column
arranger,arrange
lointain,distant
danser,to dance
charbon,coal
passionner,passionate
colline,hill
poésie,poetry
généraliser,generalize
transaction,transaction
extrémité,end
pénal,criminal
économiste,economist
banlieue,suburb
bancaire,banking
défaire,to do
calendrier,calendar
repas,meal
cul,ass
vouer,dedicate
surprenant,surprising
paradis,heaven
transparent,transparent
élu,elected
tourisme,tourism
démonstration,demonstration
gravement,seriously
infraction,offense
tir,shot
envoi,mail
arrangement,arrangement
pardonner,to forgive
collaborer,work out
danse,dance
tester,test
proclamer,proclaim
genou,knee
dominant,dominant
péril,danger
préférence,preference
vain,vain
rentrée,back to school
coller,to stick on
monopole,monopoly
approfondir,deepen
incendie,fire
proximité,proximity
hélicoptère,helicopter
bouteille,bottle
championnat,championship
hériter,to inherit
élémentaire,elementary
entité,entity
souffler,blow
dit,said
mélange,mixed
pourcentage,percentage
permis,permit
mélanger,to mix together
proprement,properly
enfoncer,to press in
clandestin,clandestine
super,great
encontre,against
syndical,union
deviner,to guess
tracer,trace
sagesse,wisdom
baiser,kiss
user,use
enfer,hell
pilote,pilot
abonné,subscriber
objection,objection
correction,correction
vocation,vocation
facture,invoice
relancer,revive
luxe,luxury
nomination,nomination
poster,to post
bar,bar
tantôt,sometimes
publiquement,publicly
gueule,mouth
comparable,comparable
sympathie,sympathy
structurel,structural
dispenser,to dispense
copain,buddy
aligner,align
absorber,absorb
compagnon,companion
déroulement,course
dévoiler,to unveil
opérationnel,operational
freiner,curb
rattraper,catch up
matinée,morning
régir,to govern
poème,poem
bassin,bowl
éteindre,switch off
ministériel,ministerial
rage,rage
enregistrement,registration
débarquer,land
systématiquement,systematically
énormément,enormously
respirer,to breathe
dictature,dictatorship
acheteur,buyer
équiper,equip
édifice,building
lot,batch
fondement,foundation
spirituel,witty
fournisseur,vendor
détriment,detriment
unanime,unanimous
agiter,shake
élimination,elimination
nazi,nazi
col,collar
impressionner,impress
accessible,accessible
résidence,residence
dedans,inside
agressif,aggressive
loger,lodge
ouvertement,openly
patience,patience
stimuler,stimulate
classement,ranking
arrestation,arrest
longuement,longly
ancêtre,ancestor
intensité,intensity
grandeur,greatness
entraînement,coaching
déborder,overflow
conducteur,driver
pollution,pollution
islamique,islamic
attribution,attribution
caméra,camera
dissimuler,hide
chronique,chronic
ère,time
rappel,reminder
fabricant,maker
utilité,usefulness
ethnique,ethnic
annexe,annex
interlocuteur,interlocutor
spécifier,specify
souple,soft
rémunération,remuneration
faillite,bankruptcy
touchant,touching
hostile,hostile
imprimer,to print
abuser,abuse
vérification,verification
aveugle,blind
jurer,swear
trésor,treasure
vingtaine,around twenty
séquence,sequence
musicien,musician
routier,truck
embrasser,embrace
échéance,deadline
surplus,surplus
prématuré,premature
décrocher,to take down
rembourser,to reimburse
adhérer,adhere
défenseur,defender
citation,quote
reconstruction,reconstruction
retomber,fall back
pourvoir,provide
systématique,systematic
véritablement,truly
parallèlement,in parallel
légume,vegetable
francophone,french -speaking
émaner,emanate
souffle,breath
lac,lake
souhait,wish
prévaloir,prevail
sixième,sixth
enveloppe,envelope
extension,extension
effondrer,collapse
apprêter,prepare
anonyme,anonymous
cibler,target
additionnel,additional
excès,excess
douzaine,dozen
turc,turkish
incertain,uncertain
épouser,marry
consensus,consensus
chat,cat
avertissement,warning
excédent,surplus
mondialisation,globalization
conventionnel,conventional
unanimité,unanimity
romain,roman
inégalité,inequality
originaire,native
finale,final
mademoiselle,miss
coûteux,expensive
ventre,belly
soixante,sixty
bière,beer
passif,passive
interrogation,interrogation
voile,sail
accentuer,accentuate
rattacher,attach
manuel,manual
contracter,contract
territorial,territorial
subsister,subsist
carré,square
voleur,thief
centrale,central
pôle,pole
délit,offense
usager,user
musical,musical
allumer,to light up
quelquefois,sometimes
disperser,disperse
déchirer,rip
mépris,contempt
échantillon,sample
continuité,continuity
fichier,file
conquête,conquest
contourner,get around
supplément,extra charge
sincère,sincere
optique,optical
maximal,maximum
permission,permission
méchant,nasty
idéologie,ideology
interview,interview
désespoir,despair
humeur,mood
demandeur,applicant
horrible,horrible
conquérir,conquer
horaire,hourly
encouragement,encouragement
motiver,motivate
plier,bend
homologue,counterpart
successif,successive
manifestement,manifestly
olympique,olympic
littéralement,literally
reproduction,reproduction
propice,conducive
chèque,check
explorer,explore
matériau,material
dépendance,addiction
nu,naked
poignée,handle
abaisser,to lower
divergence,divergence
restant,remaining
détention,detention
étouffer,to choke
inscription,registration
montée,climb
approvisionnement,supply
municipalité,municipality
consécutif,consecutive
nuage,cloud
institutionnel,institutional
confédération,confederation
quiconque,anyone
vendeur,seller
réplique,replica
acquitter,pay
intervalle,interval
métro,subway
coutume,custom
fatiguer,tired
panique,panic
abriter,shelter
variété,variety
bulletin,bulletin
flotte,fleet
décourager,to discourage
poussière,dust
fierté,pride
épisode,episode
détacher,detach
interface,interface
administrateur,administrator
doucement,gently
quoique,though
projection,projection
treize,thirteen
antenne,antenna
tarif,rate
remplacement,replacement
devise,currency
optimisme,optimism
chanteur,singer
décret,decree
écrit,writing
suggestion,suggestion
queue,tail
durement,harshly
applaudir,applaud
sucre,sugar
prioritaire,priority
chair,flesh
exécutif,executive
compétent,competent
sable,sand
corruption,corruption
blé,wheat
chaos,chaos
référer,refer
obéir,to obey
fusil,musket
taper,type
cohérent,consistent
discrétion,discretion
odeur,odour
identification,identification
fêter,to celebrate
substantiel,substantial
asiatique,asian
aspiration,suction
photographie,photography
exclusion,exclusion
préconiser,proclaim
tribune,stand
bénéficiaire,beneficiary
historien,historian
seize,sixteen
tentation,temptation
gloire,glory
vanter,praise
coincer,stuck
silencieux,quiet
continu,continued
chantier,worksite
croyance,belief
ennui,boredom
pompier,firefighter
inspection,inspection
convertir,convert
pouce,inch
clientèle,customer base
atténuer,mitigate
révélation,revelation
survivant,survivor
applicable,applicable
équitable,fair
schéma,plan
acier,steel
vainqueur,winner
dépendant,addicted
sud-est,south east
brancher,connect
concession,concession
mystérieux,mysterious
assassinat,assassination
rive,shore
tolérance,tolerance
clarté,clarity
conjoint,joint
fermement,firmly
redonner,give back
assortir,match
change,exchange
star,star
grain,grain
compliqué,complicated
malaise,faintness
restaurer,restore
ambassade,embassy
diplôme,diploma
miroir,mirror
spectaculaire,spectacular
restructuration,restructuring
proie,prey
domination,domination
otage,hostage
moquer,mock
allier,combine
couvert,covered
demi-heure,half-hour
placement,placement
difficilement,hardly
grille,gate
vieillir,to get old
abord,on board
exigeant,demanding
primitif,primitive
lune,moon
mention,mention
pertinent,pertinent
brièvement,briefly
actionnaire,shareholder
emprisonner,to jail
raisonnement,reasoning
monstre,freak
quai,platform
légende,legend
spécialité,speciality
cruel,cruel
démission,resignation
quatorze,fourteen
redouter,to dread
médaille,medal
célibataire,single
impasse,dead end
contredire,contradict
atelier,workshop
amical,friendly
empire,empire
redresser,to sort out
invisible,invisible
ramasser,pick up
politicien,politician
acheminer,rummage
comédie,comedy
propagande,propaganda
colonie,colony
désordre,disorder
infini,infinite
savant,learned
terreur,terror
recruter,recruit
conformer,conform
virus,virus
reconnaissant,grateful
délibérer,deliberate
inattendu,unexpected
tunnel,tunnel
cousin,cousin
puiser,draw
géographique,geographical
réacteur,reactor
ajuster,adjust
œuvrer,work
sommeil,sleep
automatiquement,automatically
balance,balance
dépression,depression
pompe,pump
contestation,contestation
inconvénient,inconvenience
frein,brake
inspiration,inspiration
candidature,candidacy
armement,armament
épargne,saving
iranien,iranian
conférer,confer
stupide,dumb
surpris,surprised
interpeller,challenge
fréquemment,frequently
symbolique,symbolic
pavillon,flag
pape,pope
préliminaire,preliminary
sensation,sensation
troubler,to disrupt
angoisse,anguish
générosité,generosity
chaise,chair
hautement,highly
légitimité,legitimacy
emprunt,borrowing
clause,clause
clef,key
répression,repression
tombe,falls
dériver,derive
évacuer,clear out
blocage,blocking
faille,fault
fouiller,to frisk
respectivement,respectively
éternel,eternal
intime,respondent
cerner,define
hostilité,hostility
manche,sleeve
mathématique,mathematical
gamin,kid
induire,induce
temple,temple
maîtrise,mastery
arbitrage,arbitration
boucler,buckle
réparation,repair
évêque,bishop
déléguer,to delegate
solitude,solitude
miner,undermine
superbe,stunning
gonfler,inflate
missile,missile
minuit,midnight
composante,component
veuf,widower
comparaître,appear
trame,frame
bain,bath
sûreté,safety
hâte,hurry
instituer,establish
format,format
hiérarchie,hierarchy
estimation,estimate
mutation,mutation
imminent,imminent
héroïne,heroin
esclave,slave
marocain,moroccan
menu,menu
imaginaire,imaginary
administrer,administer
atteinte,achievement
démissionner,resign
racheter,redeem
théorique,theoretical
guise,guise
scandaleux,scandalous
vulnérable,vulnerable
ennuyer,annoy
élan,momentum
nominal,nominal
manipuler,manipulate
peiner,paint
renouvellement,renewal
noble,noble
hebdomadaire,weekly
approbation,approval
protestant,protestant
faisceau,beam
regagner,regain
dégât,damage
pilier,pillar
animateur,animator
multinational,multinational
méfier,beware
étroitement,closely
jouet,toy
formé,form
complice,partner in crime
homosexuel,homosexual
toile,cloth
laver,wash
empreinte,footprint
faillir,fail
curiosité,curiosity
passeport,passport
creux,hollow
livraison,delivery
château,castle
nous-mêmes,ourselves
forum,forum
via,via
coter,rack
éclat,glow
sincèrement,sincerely
thé,tea
préférable,preferable
attachement,attachment
liquide,liquid
gamme,range
motivation,motivation
protestation,protest
demeure,remains
adéquat,adequate
geler,freeze
défiler,scroll
peintre,painter
volontairement,voluntarily
magique,magical
bien-être,welfare
cap,cap
raide,steep
maigre,lean
artistique,artistic
aspirer,strive
habituellement,usually
quasiment,nearly
allure,pace
deuil,grief
énoncer,state
islamiste,islamist
prénom,first name
réussi,successful
bilatéral,bilateral
rétablissement,recovery
cynique,cynical
environnemental,environmental
constructeur,manufacturer
colonel,colonel
nœud,node
peindre,to paint
bâton,stick
démocrate,democrat
précédemment,previously
idiot,idiot
querelle,quarrel
explosif,explosive
flic,cop
solitaire,lonely
déceler,detect
herbe,grass
élevé,raised
acharner,being furious
bombardement,bombing raid
bagage,luggage
singulier,singular
capitalisme,capitalism
suspension,suspension
mince,thin
assimiler,assimilate
plume,feather
publicitaire,advertising
incarner,embody
opter,opt
habiller,dress
trajet,route
sinistre,sinister
pis,worse
reconstruire,rebuild
tueur,killer
tournoi,tournament
cimetière,graveyard
douane,customs
domestique,domestic
soucieux,concerned
premièrement,first
complicité,complicity
décréter,decree
flamme,flame
approprié,appropriate
dix-huit,eighteen
nouveauté,novelty
brusquement,suddenly
coïncider,coincide
déterminé,determined
ménager,spare
millénaire,millennium
alerte,alert
renforcement,reinforcement
ange,angel
guérir,heal
immobilier,immovable
certificat,certificate
contaminer,contaminate
pénurie,shortage
tirage,draw
perception,perception
philosophe,philosopher
planche,plank
crédibilité,credibility
fiction,fiction
handicapé,disabled
boisson,beverage
élaboration,development
habitation,dwelling
représentatif,representative
débrouiller,get off
imposition,taxation
générer,generate
ajustement,adjustment
princesse,princess
virer,fire
facilité,ease
postal,postal
perturber,disturb
répercussion,repercussion
oncle,uncle
viol,rape
culte,worship
gosse,kid
équipage,crew
carburant,fuel
canon,cannon
prometteur,promising
apprentissage,learning
soi-disant,supposedly
chaussure,shoe
salarial,salary
abolir,abolish
pâte,dough
cohésion,cohesion
ruine,ruin
percer,drill
rassemblement,gathering
malentendu,misunderstanding
soigneusement,thoroughly
pot,jar
règne,reign
impulsion,impulse
physiquement,physically
minimal,minimal
fossé,ditch
dépens,ranging
implanter,implement
descendant,descending
politiquement,politically
crever,die
interruption,interruption
polonais,polish
patrie,country
prélèvement,sampling
ex,ex
studio,studio
intégrité,integrity
prescrire,prescribe
exhorter,urge
tribu,tribe
globe,world
apaiser,appease
sélectionner,select
familier,familiar
quinzaine,fifteen
paralyser,paralyze
impatience,impatience
logiciel,software
visiblement,visibly
suicider,suicide
préjugé,prejudice
impératif,imperative
renvoi,dismissal
charme,charm
atout,asset
portugais,portuguese
nord-ouest,north west
affaiblissement,weakening
balayer,sweep
peupler,populate
cauchemar,nightmare
pénible,hard
venue,come
ballon,ball
abstenir,abstain
affrontement,confrontation
expulser,expel
resserrer,tighten
activement,actively
décor,decor
compassion,compassion
couronne,crown
descente,descent
plancher,floor
trentaine,thirty
détresse,distress
escalier,stairs
barrage,barrage
néant,none
support,support
effondrement,collapse
encaisser,take
déduire,deduce
baptiser,baptize
incompatible,incompatible
bienvenu,welcome
espérance,hope
synthèse,synthesis
conjoncture,conjuncture
défier,challenge
baie,bay
récompense,reward
étendue,extent
tiens,here
carnet,notebook
banc,bench
réformer,reform
assise,seated
énergétique,energetic
reléguer,relegate
architecte,architect
deuxièmement,secondly
vedette,star
intervenant,speaker
séminaire,seminar
contrer,to counter
nerveux,nervous
assaut,assault
couteau,knife
arbitraire,arbitrary
vraisemblablement,likely
propagation,spread
masculin,male
imiter,imitate
embaucher,to hire
primordial,primordial
arbitre,arbitrator
manteau,coat
implication,involvement
grand-père,grandfather
reflet,reflection
requête,query
décliner,decline
rideau,curtain
fermé,firm
manipulation,handling
piquer,sting
assiette,plate
gigantesque,gigantic
rival,rival
refermer,close
écu,shield
confus,confused
expédition,dispatch
reconstituer,reconstruct
protégé,protected
chant,song
diplomatie,diplomacy
lieutenant,lieutenant
réputé,renowned
indirect,indirect
apte,apt
dépêcher,hurry
démentir,deny
sud-ouest,south west
envergure,scope
touche,touches
déterminant,determining
sous-marin,submarine
acheminement,forwarding
externe,external
hôte,host
assassin,assassin
confirmation,confirmation
tapis,carpet
corde,string
notable,notable
rationnel,rational
divin,divine
endormir,put to sleep
épais,thick
exposé,exposed
boutique,shop
récolter,to harvest
tchèque,czech
autoroute,motorway
maternité,maternity
là-dedans,in there
différend,dispute
explicite,explicit
comté,county
par-dessus,above
quota,quota
tailler,cut
apparent,apparent
enfuir,escape
assistant,assistant
portion,portion
allocation,allocation
spéculation,speculation
décéder,die
serré,tight
enquêter,investigate
dix-sept,seventeen
allonger,lengthen
chauffeur,driver
prospérité,prosperity
ambiguïté,ambiguity
bourgeois,bourgeois
touristique,sightseeing
obscur,obscure
cou,neck
invention,invention
boucle,loop
flou,blurry
redire,repeat
consultatif,consultative
torturer,torture
carton,cardboard
effrayer,scare
pitié,pity
complexité,complexity
favori,favorite
noyau,core
brandir,brandish
repenser,rethink
timide,shy
audition,hearing
comptabilité,accounting
précaire,precarious
trône,throne
insulter,insult
saut,jump
amende,fine
différemment,differently
programmation,programming
crédible,credible
justification,justification
conservation,conservation
transit,transit
organisateur,organizer
galerie,gallery
aménagement,planning
manifestant,demonstrator
char,tank
criminalité,crime
masquer,hide
masque,mask
dorénavant,from now on
festival,festival
prôner,advocate
radicalement,radically
franchise,franchise
ultérieur,ulterior
expédier,dispatch
axer,focus
propager,propagate
rectifier,rectify
tennis,tennis
avenue,avenue
vengeance,revenge
émouvoir,move
hé,hey
génial,great
réduit,reduced
alléger,alleviate
vierge,virgin
meuble,furniture
rapprochement,reconciliation
confession,confession
suspens,suspense
dégradation,degradation
vingtième,twentieth
agenda,diary
grand-mère,grandmother
phare,lighthouse
virtuel,virtual
gagnant,winner
nettoyer,to clean
diagnostic,diagnostic
poing,fist
étiquette,label
tante,aunt
chemise,shirt
pile,pile
kilo,kilo
citoyenneté,citizenship
douceur,candy
attester,attest
attraper,to catch
prestigieux,prestigious
ruiner,ruin
croix,cross
nullement,in any way
incorporer,to incorporate
débloquer,unlock
ficher,file
censure,censorship
linguistique,linguistic
accompli,accomplished
terriblement,terribly
main-d'œuvre,workforce
invasion,invasion
orange,orange
jury,jury
bœuf,beef
rallier,rally
roue,wheel
barrer,bar
réaffirmer,reaffirm
assigner,assign
souhaitable,desirable
soupçon,suspicion
constat,report
communisme,communism
dynamisme,dynamism
flagrant,blatant
paire,pair
loup,wolf
concerter,to consult
désespérer,to despair
subit,sudden
diplomate,diplomat
joue,play
essuyer,wipe
exporter,export
étaler,spread out
reconduire,renew
handicap,handicap
bonsoir,good evening
casque,helmet
autrui,others
bousculer,rush
ériger,erect
conversion,conversion
patte,paw
planifier,to plan
transitoire,transient
tardif,late
prédécesseur,predecessor
natal,native
humour,humor
défaillance,failure
hélas,alas
cabine,cabin
fardeau,burden
héritier,heir
apport,bring
remboursement,repayment
échelon,level
fondre,to melt
occurrence,occurrence
authentique,authentic
attentivement,careful
irlandais,irish
confortable,comfortable
au-dessous,below
fonctionnel,functional
panne,breakdown
adieu,goodbye
entre-temps,meanwhile
insérer,insert
confrère,colleague
litre,liter
suivi,followed
variation,variation
productif,productive
groupement,group
modernisation,modernization
déploiement,deployment
impuissant,powerless
restauration,restoration
haïr,hate
marée,tide
souscrire,subscribe
diable,devil
suffrage,vote
spontané,spontaneous
joyeux,joyful
concilier,conciliate
tristesse,sadness
asile,asylum
sombrer,sink
photographe,photographer
libanais,lebanese
archives,archives
honteux,ashamed
rapporteur,rapporteur
dix-neuvième,nineteenth
indemnisation,compensation
harceler,harass
leadership,leadership
cahier,notebook
portable,portable
précoce,early
qualification,qualification
insulte,insult
planer,hover
stage,traineeship
dédier,dedicate
carrément,downright
exil,exile
artisan,artisan
rassurant,reassuring
remède,remedy
composant,making up
économiquement,economically
hurler,to yell
yen,yen
gras,bold
médiatique,media
statue,statue
frappe,struck
industrialiser,industrialize
efficacement,effectively
golfe,gulf
ambiance,vibe
coopérer,cooperate
bus,bus
septième,seventh
façade,facade
charmant,charming
marginal,marginal
comptable,accounting
isolement,isolation
modérer,moderate
volant,flying
porc,pork
appartenance,membership
émeute,riot
constructif,constructive
minime,minimal
ralentissement,slow-down
mobilisation,mobilization
tâcher,stain
racisme,racism
mairie,city ​​hall
aptitude,aptitude
fumée,smoke
sauvetage,rescue
récession,recession
convaincant,convincing
sou,soup
analyste,analyst
prétendu,alleged
grossier,rude
ignorance,ignoring
pervers,pervert
sensiblement,significantly
léguer,bequeath
prélever,take
noyer,walnut
abbé,abbe
détecter,detect
capter,capture
sceptique,skeptical
vôtre,your
problématique,problem
voiler,to veil
nationalité,nationality
serment,oath
envoler,flourish
pasteur,pastor
activer,enable
chimie,chemistry
erroné,wrong
fantôme,phantom
naviguer,navigate
yougoslave,yugoslav
explicitement,explicitly
alerter,to alert
vigilance,vigilance
rock,rock
réconciliation,reconciliation
revers,reverse
aviation,aviation
souplesse,flexibility
respectueux,respectful
trahison,treason
débit,debit
sursis,reprieve
simultanément,simultaneously
techniquement,technically
os,bone
cote,rating
dictionnaire,dictionary
symptôme,symptom
délibérément,deliberately
écoute,listen
contingent,quota
émerger,emerge
instruire,instruct
équité,equity
inconscient,unconscious
chaleureux,warm
déguiser,to disguise
fièvre,fever
vitre,window
fantastique,fantastic
courbe,curve
soustraire,to subtract
instable,unstable
vapeur,steam
beurre,butter
monument,monument
oral,oral
téléviser,televise
consolider,consolidate
muet,mute
contrevenant,offender
offensive,offensive
routine,routine
coder,cod
gel,freeze
rénovation,renovation
controverse,controversial
médiocre,poor
filial,filial
relais,relay
opposant,opponent
aval,downstream
rubrique,section
préfet,prefect
provocation,provocation
sommaire,summary
versant,slope
réticence,reluctance
grossesse,pregnancy
égyptien,egyptian
timbre,stamp
découper,cut
distributeur,distributer
élargissement,enlargement
dégrader,degrade
colonial,colonial
pourparler,to talk
incidence,impact
béton,concrete
fiable,reliable
génocide,genocide
vingt-quatre,twenty four
épouvantable,appalling
indifférent,indifferent
audacieux,bold
poudre,powder
teneur,content
inverser,reverse
naval,naval
dérive,derivative
mécontent,unhappy
vocabulaire,vocabulary
stabiliser,stabilize
délégué,delegate
centrer,center
algérien,algerian
sympathique,friendly
alentour,surrounding
corrompre,to bribe
commerçant,trader
poitrine,chest
couronner,crown
relire,reread
perpétuer,perpetuate
doctrine,doctrine
compétitif,competitive
majesté,majesty
mouton,sheep
indifférence,indifference
omettre,omit
typique,typical
concurrentiel,competitive
désarmement,disarmament
quotidiennement,daily
architecture,architecture
éventualité,eventuality
massacrer,massacre
réciproque,reciprocal
état-major,staff
attarder,dwell
englober,encompass
grossir,get fat
séparatiste,separatist
surcroît,additional
sortant,outgoing
plomb,lead
gorge,throat
nationaliste,nationalist
exportateur,exporter
montre,show
ratifier,ratify
exploit,feat
encourageant,encouraging
climatique,climate
aviser,notify
épidémie,epidemic
alarme,alarm
parier,to bet
écologique,ecological
lunette,glasses
entourage,entourage
sphère,sphere
confidentiel,confidential
sanctionner,sanction
recrutement,recruitment
détendre,loosen
aisé,easy
toilette,toilet
autobus,bus
défavoriser,disadvantage
résistant,resistant
admiration,admiration
acide,acid
banal,trivial
poulet,chicken
pêcher,to fish
brigade,brigade
trembler,to shiver
reçu,received
civiliser,civilize
relance,relaunch
dose,dose
loyer,rent
distorsion,distortion
octroyer,grant
arrivant,arrival
standard,standard
taxi,taxi
limitation,limitation
irréversible,irreversible
fatal,fatal
furieux,furious
verbal,verbal
contacter,contact
commissariat,police station
gai,cheerful
confrontation,confrontation
chier,take a dump
atlantique,atlantic
rude,harsh
panneau,sign
appréciation,appreciation
réflexe,reflex
complément,complement
initialement,initially
comédien,actor
successeur,successor
méfiance,mistrust
replier,fold up
vérificateur,verifier
dictateur,dictator
prétention,pretension
rédacteur,editor
avaler,swallow
extraction,extraction
banquier,banker
titulaire,incumbent
stabilisation,stabilization
mutuellement,mutually
légion,legion
lacune,gap
engin,machine
mépriser,despise
minoritaire,minority
idéologique,ideological
cloche,bell
compatriote,compatriot
affection,affection
sel,salt
majoritaire,majority
redressement,recovery
paradoxe,paradox
chiffrer,quantify
catastrophique,catastrophic
magistrat,magistrate
extrait,extract
amant,lover
farce,prank call
compétitivité,competitiveness
enthousiaste,enthusiastic
quarantaine,quarantine
sous-sol,basement
rat,rat
flot,flood
mordre,to bite
partiellement,partially
radioactif,radioactive
passe,pass
indépendamment,independently
location,lease
naïf,naive
retraité,retirement
innocence,innocence
bijou,jewel
messe,mass
coïncidence,coincidence
torture,torture
protecteur,protective
rayonnement,influence
récolte,harvest
valise,suitcase
danseur,dancer
expertise,expertise
minier,mining
vitrine,showcase
ébranler,shake up
crâne,skull
anéantir,destroy
vocal,vocal
unilatéral,unilateral
combustible,combustible
économiser,save
tisser,weave
poule,chicken
punition,punishment
hésitation,hesitation
rentable,profitable
loyal,loyal
renfort,reinforcement
cohérence,consistency
souris,mouse
bombarder,bomb
éveiller,awake
semestre,semester
croyant,believer
réalisateur,director
brutalement,brutally
lourdement,heavily
tente,attempted
goutte,drop
poussée,push
moine,monk
modéré,moderate
négligeable,negligible
vice,vice
symboliser,symbolize
substituer,substitute
subtil,subtle
commandant,commanding officer
chuter,drop
fidélité,loyalty
basculer,to toggle
gestionnaire,administrator
redoutable,formidable
immigrant,immigrant
polémique,controversy
alourdir,to become heavier
avancée,advanced
sévir,rage
jumeau,twin
piéger,trap
confiant,confident
pendre,hang
intact,intact
rapidité,speed
localité,locality
récupération,recovery
vigoureux,vigorous
rentabilité,profitability
delà,of the
incliner,tilt
affreux,awful
révolter,revolt
conte,tale
évasion,escape
repère,benchmark
philosophique,philosophical
arrivé,come
ironie,irony
serveur,waiter
bannir,banish
insuffisance,insufficiency
librairie,library
parenthèse,parenthesis
miser,stake
stupéfiant,amazing
boursier,scholarship holder
levée,lifting
déformer,deform
menaçant,threatening
nord-est,northeast
substitution,substitution
parer,adorn
avantageux,advantageous
handicaper,handicap
filmer,film
délinquant,offender
perdant,losing
altitude,altitude
imputer,impute
plaisanter,to joke
poétique,poetic
desservir,serve
mensuel,monthly
connerie,bullshit
sanglant,bloody
coude,elbow
ôter,to remove
report,postponement
créature,creature
aucunement,in any way
globalement,globally
convenable,suitable
itinéraire,itinerary
purger,purge
fâcher,be angry
repasser,go back
alternatif,alternative
palier,landing
prochainement,shortly
réglementaire,regulatory
costume,suit
thérapie,therapy
reproche,reproach
curé,priest
contrôleur,controller
soulagement,relief
dissoudre,dissolve
avalanche,avalanche
mark,mark
brèche,breach
incitation,incentive
entraîneur,coach
éditorial,editorial
conjugal,conjugal
pâle,pale
relâcher,to release
visa,visa
vingt-cinq,twenty five
péché,fishing
gendarme,gendarme
sécheresse,drought
score,score
goûter,to taste
renier,deny
juridiction,jurisdiction
prostitution,prostitution
fiche,form
déséquilibre,imbalance
probabilité,probability
entraver,hinder
sous-estimer,underestimate
embargo,embargo
interdit,prohibited
brouillard,fog
syrien,syrian
jet,jet
trêve,truce
occupant,occupant
ponctuel,punctual
défini,defined
détachement,detachment
manuscrit,manuscript
panier,basket
bouton,button
immobile,motionless
fermeté,firmness
véhiculer,convey
répliquer,reply
passionnant,exciting
théologie,theology
advenir,advertise
immigrer,immigrate
tache,stain
tendresse,tenderness
privilégié,privileged
slogan,slogan
fromage,cheese
toxique,toxic
incapacité,inability
pharmaceutique,pharmaceutical
parfum,scent
antique,antique
controversé,controversial
instinct,instinct
barreau,bar
insupportable,insupportable
opportun,appropriate
parquet,parquet
navigation,navigation
contrarier,contradict
nouer,tie
frustration,frustration
cinquantaine,fifty
improviser,improvise
désespéré,desperate
auto,car
troupeau,herd
gendarmerie,gendarmerie
génétiquement,genetically
analogue,similar
venu,came
ironique,ironic
sanitaire,sanitary
sonore,sound
initier,initiate
mœurs,manners
cessez-le-feu,ceasefire
bénévole,volunteer
boue,mud
empereur,emperor
dissiper,dispel
déclin,decline
liquider,liquidate
maintenance,maintenance
prévisible,predictable
pneu,tire
fraude,fraud
coton,cotton
entrevoir,glimpse
stipuler,to stipulate
remédier,remedy
flotter,float
fraction,fraction
impossibilité,impossibility
conditionnel,conditional
nuance,shade
improbable,unlikely
enquêteur,investigator
conjointement,jointly
éclaircir,lighten
bordel,mess
impatient,eager
versement,payment
bosser,work
articuler,articulate
successivement,successively
assurément,certainly
provision,provision
amplifier,amplify
ceinture,belt
intergouvernemental,intergovernmental
délibération,deliberation
mexicain,mexican
seigneur,lord
saisonnier,seasonal
souterrain,underground
merveille,wonder
restituer,restore
démon,devil
balancer,swing
disponibilité,availablity
infiniment,infinitely
acquis,acquired
récepteur,receiver
glissement,sliding
auditeur,listener
indigène,native
chocolat,chocolate
indirectement,indirectly
obtention,obtaining
grandissant,growing
chagrin,sorrow
prostitué,prostitute
lumineux,luminous
soupe,soup
bravo,well done
appréhender,apprehend
concitoyen,fellow citizen
flèche,arrow
libéralisation,liberalization
complot,conspiracy
signataire,signatory
ski,ski
douanier,customs officer
syndrome,syndrome
météo,weather report
borner,limit
triompher,triumph
concrétiser,shape
soumission,submission
continuellement,continually
dérober,to steal
romancier,novelist
sorcier,wizard
consigne,order
harmonie,harmony
blond,blond
pleuvoir,rain
déplaire,displease
innombrable,innumerable
félicitation,congratulations
inédit,unpublished
lance,spear
désireux,eager
diversifier,to diversify
vélo,bike
fatigue,fatigue
instabilité,instability
pénaliser,penalize
comte,county
amer,bitter
orchestre,orchestra
foncier,land
dixième,tenth
est,is
envelopper,wrap
troublant,disturbing
irrégulier,irregular
fouet,whip
baigner,bathe
fixation,fixation
encadrement,framing
déménager,to relocate
esthétique,aesthetic
photographier,photograph
insensé,foolish
moderniser,modernize
expérimental,experimental
incomber,fall
retombée,fallout
équivaloir,equal
différencier,differentiate
éventail,range
solde,balance
gâcher,spoil
régiment,regiment
chiite,shiite
bouleversement,upheaval
relater,to relate
décent,decent
éminent,prominent
instituteur,teacher
rayer,scratch
concrètement,concretely
coulisse,slide
enchaîner,chain
ratification,ratification
emplacement,location
copier,to copy
inculper,charge
renouveau,renewal
néerlandais,dutch
intégral,integral
spécification,specification
documentation,documentation
logiquement,logically
spectre,spectrum
harmoniser,harmonize
suédois,swedish
rouvrir,reopen
débouché,outlaw
croisé,cross
fléau,scourge
traversée,crossing
solaire,solar
secrétariat,secretariat
mou,soft
venger,revenge
détenteur,holder
basque,basque
soif,thirst
accumulation,accumulation
autoritaire,authoritarian
essor,boom
obséder,obsess
intolérable,intolerable
rébellion,rebellion
préventif,preventive
désignation,designation
aimable,friendly
conformité,compliance
pantalon,trousers
anormal,unnatural
inhérent,inherent
réconcilier,reconcile
réservoir,tank
aveu,admission
emmerder,piss off
inondation,flood
câble,cable
poumon,lung
humble,humble
perturbation,disturbance
brouiller,muddle
illustration,drawing
appliqué,applied
fermier,farmer
hanter,haunt
cordon,cord
néfaste,harmful
lasser,plow
influer,to influence
présentement,presently
plate-forme,platform
stopper,stop
kurde,kurdish
amusant,fun
tremblement,trembling
rail,rail
fondamentalement,fundamentally
lampe,lamp
triple,triple
inchangé,unchanged
supplier,to beg
multiplication,multiplication
camoufler,camouflage
cliché,cliche
diamant,diamond
guerrier,warrior
figer,freeze
comique,comical
planification,planning
éloge,praise
regroupement,grouping
odieux,odious
désastreux,disastrous
nocturne,nocturnal
configuration,configuration
escompter,discount
intensif,intensive
scepticisme,skepticism
croisière,cruise
plénier,plenary
athlète,athlete
poil,hair
épanouir,flourish
minimiser,minimize
inévitablement,inevitably
informé,informed
islam,islam
échéant,appraise
murmurer,whisper
implantation,implementation
décerner,award
replacer,replace
vêtir,dress
trottoir,curb
vieillard,old man
fillette,girl
enchanter,enchant
singe,monkey
superficiel,superficial
rigide,rigid
démographique,demographic
fourniture,supply
taxer,tax
milice,militia
foire,fair
élégant,elegant
crème,cream
mentalité,mentality
charité,charity
borne,thick headed
organique,organic
dévouer,devote
hâter,hasten
mobilité,mobility
exclu,excluded
boucher,butcher
bénéfique,beneficial
commencement,beginning
licenciement,dismissal
chancelier,chancellor
retenue,detention
visée,target
dénonciation,denunciation
plaie,wound
exiler,exile
rocher,rock
mortalité,mortality
cruauté,cruelty
regrettable,regrettable
droguer,drug
connecter,connect
confort,comfort
compréhensible,understandable
tube,tube
coffre,chest
intimider,intimidate
huitième,eighth
forger,to forge
périr,perish
notoire,notorious
graphique,chart
annulation,cancelation
acceptation,acceptance
textile,textile
hormis,apart from
chirurgien,surgeon
orage,thunderstorm
boule,ball
médiation,mediation
réprimer,repress
hall,lobby
visuel,visual
semblant,semblance
jadis,in the past
rémunérer,remunerate
fasciner,fascinate
dilemme,dilemma
progressiste,progressive
ours,bear
décharger,discharge
excéder,exceed
blâmer,blame
duc,duke
raciste,racist
stress,stress
inexistant,non -existent
théoriquement,theoretically
danois,danish
concéder,grant
retrancher,entrench
renfermer,enclose
vieillesse,old age
navette,shuttle bus
traditionnellement,traditionally
batterie,battery
foie,liver
gratuitement,free
incompréhensible,incomprehensible
détour,detour
boulevard,boulevard
blague,joke
mécontentement,dissatisfaction
inaugurer,inaugurate
repli,fold
contrepartie,counterpart
proportionnel,proportional
aboutissement,culmination
triomphe,triumph
libre-échange,free exchange
sincérité,sincerity
serre,tight
doré,golden
convoi,convoy
terrien,landing
psychologie,psychology
maltraiter,mistreat
puits,well
intimité,privacy
équation,equation
humide,wet
bétail,cattle
prophète,prophet
micro,microphone
gâteau,cake
continental,continental
réitérer,to reiterate
énumérer,enumerate
embauche,hiring
verdict,verdict
dix-neuf,nineteen
guetter,watch
frustrer,frustrate
anglo-saxon,anglo-saxon
détente,relaxation
questionner,to question
injecter,inject
préjudice,harm
couramment,fluently
exploration,exploration
caresser,caress
hymne,anthem
sécuritaire,secure
famine,famine
écrier,crumble
précipitation,precipitation
caution,bail
affectation,assignment
salaud,bastard
cave,cellar
bond,jump
enclin,prone
nettoyage,cleaning
foudre,lightning
justesse,accuracy
rente,annuity
hépatite,hepatitis
blindé,armored
clan,clan
accélération,acceleration
garage,garage
résolument,resolutely
négociateur,negotiator
romantique,romantic
obscurité,darkness
vulgaire,vulgar
soixante-dix,seventy
féroce,fierce
perpétuel,perpetual
militer,campaign
jungle,jungle
case,box
craquer,crack
clarifier,clarify
crête,crete
traite,treaty
démarrage,startup
oubli,oversight
procès-verbal,minutes
formalité,formality
insensible,insensitive
distant,distant
émetteur,transmitter
montage,assembly
énergique,energetic
claquer,slam
simplicité,simplicity
buter,abut
bulle,bubble
défavorable,unfavorable
promoteur,promoter
albanais,albanian
obsession,obsession
exciter,excite
voisinage,neighborhood
savoir-faire,know how
sévèrement,severely
écrasant,crushing
vendu,sold
munition,ammunition
capturer,capture
compliment,compliment
allouer,allocate
scandaliser,scandalize
cassette,cassette
résident,resident
empresser,stack
inonder,flood
réglementer,regulate
sonder,probe
vigilant,vigilant
rhétorique,rhetoric
cage,cage
réglé,rule
téléspectateur,viewer
golf,golf
forestier,forest
hum,hum
ravager,ravage
réveil,awakening
racial,racial
ensuivre,shed
relevé,survey
ajourner,adjourn
détérioration,deterioration
viable,viable
cochon,pig
barbare,barbaric
atroce,atrocious
civique,civic
ancrer,anchor
raccrocher,to hang up
cirque,circus
législature,legislature
audiovisuel,audio-visual
confiner,to confine
agrandir,enlarge
occasionner,cause
allégement,relief
malin,clever
performant,efficient
sérénité,serenity
cuire,bake
raser,to shave
ha,ha
revivre,relive
piano,piano
concertation,concertation
vaisseau,vessel
interaction,interaction
pessimiste,pessimistic
sillage,wake
synonyme,synonymous
hisser,hoist
agréer,accredit
comble,height
bosniaque,bosnian
insignifiant,insignificant
décoller,to take off
solidaire,united
ferroviaire,railway
dépouiller,strip
céréale,cereal
aménager,arrange
agitation,hustle
exode,exodus
aire,area
orgueil,pride
socialisme,socialism
harmonisation,harmonization
provisoirement,temporarily
cocktail,cocktail
moyenne,mean
rigoler,to laugh
compression,compression
réfléchi,reflexive
expérimenter,experiment
détériorer,deteriorate
exprès,on purpose
écrouler,collapse